0.18597133	0.29599324	-0.06789805	0.037876353	0.23353507	0.09296105	-0.12176033	0.40525886	0.3835316	-0.19788367
-0.062929735	-0.24822217	-0.085044116	-0.355609	-0.43553874	0.57004184	-0.33582294	-0.2931943	0.75771713	0.23016046
0.14777708	0.19613439	-0.098803945	-0.08921205	0.26381215	0.07625868	-0.15672223	0.3479382	0.3608597	-0.21763587
0.15010557	0.19556123	-0.09959113	-0.09000257	0.26681352	0.07564734	-0.15773557	0.34564248	0.359793	-0.21876724
0.15183283	0.21037337	-0.09963252	-0.08181644	0.25927395	0.07357482	-0.14547019	0.35374144	0.35950875	-0.21960537
0.14971878	0.19505881	-0.10021731	-0.0912366	0.26666257	0.07529078	-0.15762746	0.34512556	0.35927597	-0.21892402
0.15939976	0.20147143	-0.09861155	-0.08742099	0.26871228	0.07548632	-0.1652141	0.34502712	0.35436612	-0.21849632
0.1502148	0.19562674	-0.09971081	-0.089877196	0.26686573	0.07559173	-0.15746072	0.34584868	0.35975975	-0.21883032
0.1494025	0.19540524	-0.10000422	-0.09089776	0.26606828	0.0754098	-0.15741062	0.3456229	0.35948506	-0.21871355
0.30816066	0.5735882	-0.36743456	0.020930622	0.28363553	-0.02059684	0.2543835	0.28253478	0.39368668	-0.53855586
0.14950183	0.19479002	-0.10036676	-0.09155777	0.2666921	0.07522656	-0.15751058	0.34496006	0.35927802	-0.21898353
0.14960521	0.19483334	-0.10034811	-0.091485806	0.26677313	0.07523371	-0.1575508	0.34494334	0.35927385	-0.21899934
0.42905518	0.055355556	-0.42547855	0.23701218	-0.45633066	0.07343214	-0.38336113	-0.17405389	0.084158994	-0.24949035
0.0517401	0.16498567	-0.096977346	-0.12106242	0.16519302	0.08439216	-0.09381556	0.3851099	0.39715725	-0.17385484
0.15362497	0.19783108	-0.09765077	-0.08463623	0.26934573	0.07698889	-0.15927638	0.34647706	0.3613185	-0.21869081
0.1485289	0.19460031	-0.100345545	-0.0919202	0.26574063	0.07527951	-0.15722422	0.34533826	0.3594375	-0.21870472
0.15131171	0.19646484	-0.099932276	-0.08971334	0.26736167	0.07542928	-0.15805852	0.34530097	0.35919124	-0.2190798
0.22685017	0.38067958	-0.020611128	0.2976034	0.13493821	0.1769145	-0.16545449	0.4597131	0.38908115	-0.08812476
0.15757468	0.22380218	-0.09458791	-0.060567435	0.2573755	0.07798213	-0.14327161	0.36257794	0.3665549	-0.2172622
0.5889918	0.067458026	-0.6082913	0.37572473	-0.12429854	-0.009375737	-0.085774906	-0.3677744	0.1342452	-0.39522183
0.14826772	0.21977814	-0.09162434	-0.06303872	0.24867398	0.08127354	-0.14657599	0.36783144	0.36908925	-0.21095774
0.04254462	0.17343734	-0.06772691	-0.10512725	0.1298935	0.10822211	-0.12565802	0.40791148	0.4067321	-0.13129722
0.15094429	0.20010602	-0.09923154	-0.08632813	0.2647973	0.07554997	-0.15447882	0.34842888	0.36042276	-0.21883787
0.14346391	0.19874246	-0.09674676	-0.08585581	0.2563818	0.07812882	-0.15617149	0.35411167	0.3626692	-0.21426788
0.14678398	0.20250106	-0.10103049	-0.094085954	0.25322938	0.07399359	-0.15774642	0.35217896	0.35287195	-0.21537803
-0.09191038	0.010690928	-0.010411009	-0.22158693	-0.3497551	0.18832293	0.00014557046	0.40757513	0.45717186	0.17148732
-0.09419172	-0.25625792	-0.21684225	-0.3783949	0.09440334	0.16457988	-0.13767602	-0.31171453	0.36543483	-0.11687151
0.050854158	0.4181831	-0.33875957	0.03782944	-0.7333527	0.033452358	-0.2089266	0.40023425	-0.020987485	0.019560933
0.30474815	-0.10403649	-0.46098512	-0.17555505	0.4068866	9.8279175e-05	-0.034694694	-0.6750625	0.28494844	-0.32253358
0.037166774	0.23120968	-0.049894694	-0.076181084	0.046161994	0.120085336	-0.058921225	0.44405815	0.42845622	-0.06058123
0.13909687	0.65586406	-0.007717519	0.50558025	-0.67141175	0.026513	0.1930655	0.5240759	-0.014776992	0.18730581
0.14960031	0.19483502	-0.10035466	-0.091484904	0.26677456	0.07523077	-0.15753494	0.34494558	0.35927787	-0.21900423
0.15049534	0.38614494	-0.13292745	-0.06065748	0.08777156	0.041665062	-0.019496901	0.41872793	0.3191319	-0.21635759
0.14955086	0.19813102	-0.09737502	-0.08618418	0.26417804	0.076838315	-0.15686099	0.3489374	0.36160222	-0.21745795
-0.0010154612	0.39034796	0.017702367	0.1145059	-0.48499393	0.23936908	0.16471075	0.4961407	0.34611058	0.265091
-0.0013625649	0.31093624	-0.01570307	-0.055913582	-0.23604839	0.15087715	0.047249846	0.47360346	0.4244701	0.1188961
0.029820187	0.47859108	0.047447626	0.6660211	-0.61388755	0.46265566	0.19760583	0.49079162	-0.2354122	0.4162798
0.14646447	0.19586375	-0.09875267	-0.08857522	0.2638029	0.07620876	-0.15360665	0.34834182	0.36260974	-0.21804792
0.035869356	0.32584682	0.019857325	0.2327634	-0.19566043	0.33864707	0.02460934	0.4982122	0.4081031	0.23363094
-0.00028048494	0.4412353	-0.004899464	0.033944424	-0.46623093	0.1539697	0.1767891	0.49685338	0.38956395	0.23167038
0.15262455	0.19575483	-0.100577295	-0.090818934	0.26947173	0.0747628	-0.15787293	0.34340465	0.3585884	-0.22007756
0.0018915362	0.30921483	0.019933796	0.09921802	-0.29213783	0.27731928	0.050804976	0.4902748	0.41939762	0.23462209
0.06943756	0.5620509	0.039758753	0.63030595	-0.64172417	0.28398895	0.18142189	0.50122017	-0.16981532	0.34229195
0.32125884	0.7125098	-0.073558345	0.61184704	-0.6410273	-0.039717708	0.118202336	0.5153657	0.061237857	-0.18331566
0.47881633	0.5790487	-0.17020571	0.34193555	0.261113	-0.015077027	0.122077845	0.11644078	0.31482846	-0.44460425
0.807264	0.5234853	-0.5419078	0.48702368	0.46170026	-0.012059365	-0.086436376	-0.4005901	0.09275453	-0.56731
0.7910154	0.7686178	-0.47006732	0.19392078	-0.14339277	-0.0093624145	-0.3809943	-0.10476356	0.05083146	-0.49243897
0.6624912	-0.06850537	-0.5618321	-0.1184944	0.6394242	-0.028196417	0.10675007	-0.6896344	0.18751918	-0.4081215
0.4828373	0.006549286	-0.48673794	0.31472015	-0.25239223	0.045738004	-0.18789123	-0.4361318	0.14388087	-0.30454403
0.1404041	0.2010302	-0.09533217	-0.08323527	0.25149027	0.07841505	-0.14983562	0.35875097	0.36553475	-0.21301734
0.003408978	0.21902578	-0.6713425	-0.22260378	-0.5501601	-0.0018530319	-0.078743696	0.08943891	0.07636823	-0.31313187
0.09671191	0.26530018	-0.0053629708	0.14307153	0.13970564	0.22948861	-0.1573616	0.47428995	0.46979982	0.019828666
0.65986925	0.522337	-0.13708149	0.7617374	0.07346245	0.012547838	-0.14006391	-0.09336641	0.19660676	-0.40285218
0.15044951	0.19744289	-0.09906906	-0.08771959	0.2661871	0.075864986	-0.15625869	0.34720054	0.36058667	-0.21868046
0.63720864	0.16209702	-0.2975578	-0.0933119	0.08984567	0.030265404	-0.47626394	-0.08543799	0.091544054	-0.19588579
0.14959206	0.19482344	-0.10035439	-0.091493025	0.26677275	0.07523099	-0.15753317	0.34494177	0.35928026	-0.21900322
0.5448695	0.17848606	-0.5445129	0.6119508	-0.2990755	-0.0017175237	-0.12965925	-0.18239881	0.15473112	-0.4458889
0.26994845	0.2916147	-0.08753647	0.061976288	0.30203295	0.082206205	-0.17129084	0.33909485	0.35303468	-0.23995012
0.16028969	0.20200938	-0.09472594	-0.09211349	0.26061863	0.07827156	-0.1844151	0.34408373	0.34750682	-0.21284167
-0.03765244	0.58616453	-0.5721163	-0.2493792	-0.32870567	-0.027480882	0.2818267	0.5680657	0.69760776	-0.07493994
0.1495897	0.19483611	-0.10034843	-0.091482684	0.26675785	0.07523388	-0.15753277	0.34495512	0.35928136	-0.21899752
0.16288285	0.22220933	-0.0936095	-0.05402629	0.26497295	0.07894418	-0.14479287	0.36008376	0.36924636	-0.21976785
0.14393634	0.20745324	-0.09021914	-0.07337088	0.24971564	0.08157908	-0.1534084	0.36389396	0.3675077	-0.20981693
0.15234523	0.19935438	-0.072381236	0.017050602	0.2972526	0.09242758	-0.05669471	0.34666952	0.45043632	-0.24034792
0.49792808	0.16283523	-0.033509284	0.4700318	0.19797462	0.2529818	-0.4766017	-0.13415994	0.27979502	-0.19227688
0.33766568	-0.086412445	-0.41297197	-0.14159046	0.19744812	0.035793457	-0.09895762	-0.6492038	0.22705704	-0.2821885
0.29576108	-0.08839935	-0.3359642	-0.16911197	0.353771	0.081019394	-0.1547159	-0.66888875	0.2834128	-0.24750356
0.056393	0.24299994	-0.08018791	-0.052213356	0.15177022	0.091271885	0.06733884	0.43984058	0.48182863	-0.10938196
-0.06741043	-0.3150838	-0.021254899	-0.032443747	-0.60815686	0.66752213	-0.07319019	0.40765062	0.7554283	0.46379086
0.2359555	0.2619674	-0.05618396	0.0910431	0.27793273	0.11669143	-0.21102914	0.37005395	0.37250862	-0.20383221
0.692844	-0.010213035	-0.60074914	-0.063956134	0.36126828	-0.014742785	-0.13539827	-0.5617507	0.08907822	-0.31174257
0.7231643	0.36119273	-0.62007374	0.022729177	0.5700128	-0.010735369	0.11961557	-0.34887514	0.120624356	-0.54933536
0.059099354	0.51813555	0.021955533	0.530366	-0.5440485	0.33106005	0.23873135	0.5121224	0.1211437	0.28071624
0.14957577	0.19635975	-0.097559266	-0.08674189	0.26590976	0.07702177	-0.15773383	0.34773293	0.3619874	-0.2177303
0.6881819	0.5866571	-0.21326052	0.7988314	0.108192086	-0.0065483362	-0.05343655	-0.121758215	0.26961672	-0.52068627
0.65057737	0.7356782	-0.37012613	0.52331597	-0.35123584	-0.014337491	-0.09675739	0.13908237	0.11888766	-0.57031924
0.19371304	0.22871944	-0.10152988	-0.06796114	0.29254597	0.06594582	-0.1402356	0.33417752	0.35108614	-0.23526865
0.050789602	0.38920116	0.06282681	0.6537641	-0.6360401	0.50122887	0.11369008	0.48582035	-0.34032565	0.38698477
0.6543472	0.7834878	-0.48034644	0.12867522	0.44668442	-0.008206976	0.22227421	-0.028905572	0.15258789	-0.6495267
0.6085538	0.843624	-0.2842092	0.5893238	-0.40117308	-0.014466353	0.013186532	0.26924446	0.14772575	-0.6248781
-0.003208393	-0.16476227	-0.15398741	-0.32820806	-0.026570395	0.20936252	-0.19837217	-0.6515418	0.45027328	-0.1514504
-0.12353405	-0.24386464	-0.38763672	-0.41753218	-0.16560023	0.003888116	0.048079144	-0.45388135	0.31677017	-0.23395391
-0.23594649	-0.017780991	-0.6369994	-0.5337842	-0.50522137	-0.008592385	0.048094593	0.17696325	0.060099915	-0.10914485
-0.15853001	-0.35546795	-0.4370432	-0.4685491	0.18005449	0.012310414	0.06389374	-0.29479572	0.6431701	0.21101467
0.6974028	0.75291723	-0.123424575	0.7835042	-0.4953265	-0.02299969	-0.26803997	0.098585114	0.07825816	-0.47633773
-0.07804727	-0.21812457	-0.13979055	-0.39289185	-0.15236539	0.23358473	-0.13601582	-0.60845107	0.5391925	0.013857819
0.26063538	-0.12769374	-0.27192795	-0.2464941	0.24551253	0.07692938	-0.15779851	-0.6998827	0.25908804	-0.2301237
-0.0717195	-0.17894132	-0.22583297	-0.3255554	0.1362764	0.09420146	-0.048540633	-0.6355978	0.53528273	-0.18119395
0.17115226	0.21152556	-0.095886484	-0.07170437	0.2744019	0.07772888	-0.16902696	0.3474122	0.3555189	-0.21915016
0.11760778	0.21869695	-0.06643142	-0.051420595	0.2055653	0.10150279	-0.15131113	0.39563417	0.3905662	-0.17239322
-0.05010241	-0.0038958343	-0.31592542	0.1304006	-0.597585	0.21086374	-0.3831605	0.2213307	0.10819596	-0.00878276
0.15297653	0.2051146	-0.088679574	-0.06731958	0.26314142	0.0829758	-0.1588361	0.35890135	0.36916432	-0.21302873
0.14905478	0.19746868	-0.09839912	-0.08775299	0.26415265	0.076358914	-0.1569573	0.34833378	0.36076427	-0.21767475
0.15342648	0.19401653	-0.11421892	-0.10690246	0.27906886	0.062479973	-0.1289198	0.32761878	0.35376394	-0.23350108
0.15117268	0.19717924	-0.101021595	-0.09124306	0.2661957	0.074464574	-0.15723182	0.34525812	0.35761788	-0.21937706
0.11899092	0.3048238	-0.07086489	-0.028837193	0.123259924	0.08730335	-0.062273454	0.43197435	0.38406637	-0.15438741
0.15001108	0.19553147	-0.10024393	-0.090959996	0.26676023	0.07520049	-0.15718207	0.34518468	0.3592957	-0.21907347
0.1462429	0.18840647	-0.09988217	-0.09348239	0.2692373	0.07619239	-0.15764232	0.34270093	0.36241198	-0.21902187
0.52028453	0.05340393	-0.16648336	-0.21364298	0.36522746	0.07489384	-0.47684032	-0.13488935	0.16645207	-0.15663344
0.15050197	0.19509235	-0.10082249	-0.09190445	0.2672923	0.07486638	-0.15801212	0.3442062	0.35845542	-0.21936508
0.35936	0.042702015	-0.22987103	-0.09126005	0.4133789	0.0035874972	0.0019221525	-0.1558731	0.3602346	-0.3328464
0.09497416	0.39579678	0.03597146	0.79082066	-0.29573664	0.6027791	0.046915576	0.4864931	-0.32285297	0.37330022
0.68281126	0.036443487	-0.56193805	0.08840467	-0.059790567	0.0060086567	-0.30539572	-0.42624936	0.06656502	-0.2747066
0.121297225	-0.07818001	-0.38519543	-0.10698052	0.3551311	-0.021722944	0.1657603	-0.21375337	0.6350598	-0.49051765
0.14995712	0.19506581	-0.1003774	-0.09141137	0.26694617	0.07516192	-0.157612	0.34488225	0.35908768	-0.21908021
0.13250548	0.1950104	-0.094820864	-0.08831575	0.24755102	0.079463355	-0.15048578	0.35860854	0.36743623	-0.21073246
0.3180846	0.022536643	-0.3696019	-0.395503	0.24987112	0.031266198	-0.3821826	-0.13933077	0.1098472	-0.15738189
0.8154745	0.5745965	-0.38432947	0.5495697	0.2941309	-0.023324529	-0.19449678	-0.3747742	0.088651404	-0.4760202
0.4258048	0.30925533	-0.039165363	0.16639626	0.18840083	0.14137748	-0.415827	0.31982946	0.22928014	-0.17953193
0.02364174	0.026493609	-0.016203776	-0.06692958	0.2632801	0.2920174	-0.2864743	0.21894434	0.60988337	-0.15469937
0.14234647	0.19875531	-0.09598782	-0.08657621	0.2549181	0.07800662	-0.15500925	0.35443726	0.36306557	-0.213927
0.14610372	0.17373948	-0.09363571	-0.09342897	0.28195688	0.08180101	-0.16813284	0.33506176	0.37068915	-0.21772034
0.10771181	0.2689604	-0.05101512	-0.0143211875	0.13779159	0.116105944	-0.121096686	0.43603286	0.4012594	-0.122573234
0.14586888	0.19829534	-0.097077966	-0.085898735	0.26045656	0.07719047	-0.15422826	0.35165954	0.36301503	-0.21633513
0.0765934	0.17368458	-0.041516792	-0.021312078	0.22700155	0.14586237	-0.1352956	0.41076118	0.46775013	-0.12322206
0.07147134	0.24019516	-0.035136625	-0.021716533	0.11025194	0.14256835	-0.11969377	0.44626078	0.43114677	-0.0700136
0.14935412	0.19519855	-0.10005916	-0.09100301	0.2662025	0.075402655	-0.1574035	0.34553003	0.35950944	-0.21875761
0.14891428	0.19794688	-0.098435365	-0.08820444	0.2634861	0.07624255	-0.15733592	0.34826136	0.36035594	-0.21745074
0.24057335	0.012017986	-0.108477764	-0.1595039	0.41621804	0.08871576	-0.24715494	0.05858292	0.36697948	-0.2209503
0.14959225	0.19482778	-0.10035345	-0.091491684	0.26676816	0.07523117	-0.15753423	0.34494466	0.35927874	-0.21900176
0.176723	0.22570693	-0.08277748	-0.048215378	0.26910284	0.08475415	-0.16972797	0.3593068	0.36352158	-0.21325748
0.1496135	0.19478327	-0.10029284	-0.091520116	0.26676807	0.07527627	-0.15772434	0.34492013	0.35925683	-0.21894468
0.14830016	0.19398956	-0.100814365	-0.092961624	0.26593655	0.074922696	-0.1569272	0.34477007	0.3590936	-0.21897966
0.14945725	0.19482501	-0.10031281	-0.091480404	0.2666139	0.075260036	-0.15749536	0.3450521	0.35932544	-0.21894218
0.0019992664	0.07990278	-0.015889516	-0.05658089	0.17195189	0.22257614	-0.1353639	0.41865924	0.5461709	-0.0023063296
0.14779	0.19314645	-0.10093929	-0.09353733	0.26602745	0.07500839	-0.15718083	0.34458154	0.35916182	-0.21886028
0.13133286	0.16288556	-0.07442025	-0.07183295	0.27576447	0.09981826	-0.17787917	0.34945083	0.3958478	-0.20509489
0.14952919	0.19472817	-0.10028079	-0.09142613	0.26678595	0.07530589	-0.15760283	0.34497172	0.3593827	-0.21895047
0.11786702	0.1704156	-0.08323554	-0.0852987	0.25266853	0.09208784	-0.16377066	0.3588294	0.3857198	-0.20166163
0.13450395	0.19684623	-0.09124522	-0.08289193	0.24818297	0.08182834	-0.15337874	0.36050114	0.3696996	-0.20899722
0.09586488	0.30055344	-0.021370035	0.053222284	0.07056895	0.16724254	-0.10411571	0.47082353	0.42963415	-0.021531181
0.6431545	0.34438074	-0.26266533	0.2983188	0.46656096	-0.026747856	0.068575345	-0.33314028	0.2623343	-0.4182557
0.3330778	0.44496506	-0.2804706	-0.027545273	0.25957045	0.011795709	-0.10174221	0.28336084	0.24134523	-0.33732206
0.088742845	0.19553174	-0.71424365	-0.06125242	-0.7059953	-0.00022683288	-0.08229571	0.10940227	0.05055443	-0.37153783
0.010861357	0.24899939	-0.113904	-0.12628022	-0.20851119	0.07581788	-0.14349982	0.40337458	0.28337416	-0.12971777
0.4065063	0.4177554	-0.19684005	-0.018163834	0.2951666	0.014380712	-0.17433277	0.24642877	0.20479481	-0.27986547
-0.13974312	-0.43514803	-0.2210904	-0.4022668	-0.7330749	0.26433447	0.05757629	0.28566545	0.42075628	0.35094902
0.4597408	-0.07256987	-0.6387286	-0.16384763	0.13422681	-0.012546442	-0.018912053	-0.57590955	0.14012972	-0.36385372
0.16656965	0.20803642	-0.09796229	-0.07922038	0.27437574	0.07532582	-0.16184035	0.34413052	0.35641894	-0.22124018
0.633951	0.15773106	-0.6370386	0.23039207	0.21309711	-0.015983263	0.02455957	-0.29708612	0.15522185	-0.48143825
0.14992367	0.1950922	-0.1003153	-0.09124309	0.26689506	0.07525897	-0.15776718	0.34497997	0.35918817	-0.21901092
0.15290645	0.19362321	-0.1021686	-0.092891596	0.27212554	0.07408475	-0.1581034	0.34069538	0.35823578	-0.22120039
0.28595203	-0.027080562	-0.074564256	0.1893182	0.37955424	0.4562693	-0.087845735	-0.3124461	0.8038698	-0.38440165
0.53323907	0.102526225	-0.611042	0.09545226	-0.3810511	0.0020301263	-0.21943502	-0.16662133	0.064691156	-0.33896628
0.51929235	-0.105385594	-0.53573483	-0.21292153	0.47159728	-0.01850697	-0.04554975	-0.6713514	0.16534553	-0.3157699
0.23833568	0.287142	-0.09222236	0.05405648	0.28008536	0.085526355	-0.16550997	0.36635926	0.36039704	-0.22801746
0.110395014	0.18278262	-0.08945468	-0.09219582	0.23346625	0.08477896	-0.14341815	0.36552292	0.3803772	-0.20187964
0.7572336	0.45004562	-0.33234724	0.38478425	0.16916886	-0.024919933	-0.20301937	-0.2584995	0.10094837	-0.39437196
0.19679816	0.35657683	-0.019796573	0.21550952	0.11918142	0.1754852	-0.18310672	0.46423075	0.3840126	-0.07358479
0.7600763	0.099659115	-0.55275625	0.4975881	0.3547888	-0.022077655	-0.14222944	-0.5224731	0.11466524	-0.371363
-0.13166532	-0.20381661	-0.46657178	-0.39046073	-0.46017793	0.03858487	-0.002618808	-0.2416896	0.19099991	-0.22381727
0.16234589	0.19647348	-0.100223415	-0.089672126	0.2779443	0.07453742	-0.16464871	0.3389264	0.35514253	-0.22132854
0.03963851	0.26118824	-0.020777151	-0.003685752	0.008070998	0.17384368	0.019095663	0.47546372	0.48460722	0.050801028
0.14950371	0.19490916	-0.10028801	-0.09134345	0.26664287	0.07526223	-0.15737917	0.3450953	0.35939416	-0.21897149
0.646061	0.073006876	-0.62368846	0.5118435	-0.14971147	-0.010451611	-0.10865249	-0.40749207	0.12515023	-0.41287166
0.14960346	0.19483225	-0.1003432	-0.09147529	0.26677957	0.07523625	-0.15754202	0.34494406	0.3592852	-0.21900125
0.09028679	0.19704328	-0.079462685	-0.083094954	0.19107428	0.09235124	-0.12555774	0.39276648	0.39151633	-0.17665274
0.13079636	0.20509778	-0.0918887	-0.08381829	0.23438467	0.08019724	-0.1474168	0.36858904	0.36586562	-0.20561469
0.12574978	0.24096185	-0.03920665	0.031066425	0.2140247	0.14010718	-0.16028339	0.4242263	0.42851132	-0.13268831
0.10321838	0.21743195	-0.08284323	-0.07179773	0.19877277	0.085627966	-0.104412176	0.3927387	0.3918983	-0.18576233
-0.0033211499	0.053707767	-0.034872606	-0.11877913	0.13027816	0.16592717	-0.17511706	0.3727567	0.489635	-0.08643657
0.012944253	0.58437353	-0.06611029	0.37033007	-0.70041096	0.0772049	0.17774355	0.5079492	0.24108447	0.29273686
-0.07824833	0.4944144	-0.0018440927	0.030552905	-0.6974321	0.11037573	0.22960703	0.5113858	0.26050115	0.35863444
0.16919176	0.38025895	-0.041639157	0.13009052	0.11451649	0.12513822	-0.073849015	0.4676641	0.39865878	-0.105879925
0.052084558	0.3933667	0.024914866	0.39784783	-0.29167202	0.37329894	0.092725344	0.50064075	0.30868405	0.2610645
0.01920864	0.3948794	0.042351123	0.57077175	-0.4963887	0.4983664	0.18455541	0.49097785	-0.020754974	0.3929331
0.1495123	0.19481038	-0.10041546	-0.091490254	0.26675913	0.075186834	-0.15729623	0.3449161	0.3593549	-0.21907488
0.14940023	0.1948205	-0.10027249	-0.09144461	0.26654425	0.075290844	-0.15749532	0.3451246	0.35936564	-0.2189025
0.09910842	0.2289042	-0.060378976	-0.042141516	0.17068626	0.10753487	-0.11150446	0.4185596	0.40934318	-0.14766881
0.13646269	0.27515584	-0.022161195	0.1041033	0.19440947	0.17651509	-0.16350889	0.45306286	0.4433055	-0.0756639
0.008993484	0.2599321	-0.003286856	-0.002124314	-0.08417723	0.193829	-0.037575252	0.47580087	0.46690983	0.106650054
0.13228348	0.37904933	-0.09266004	-0.04879473	0.009697518	0.06387079	-0.080044515	0.42765197	0.3155866	-0.1622753
0.1426946	0.1956769	-0.09807529	-0.0899883	0.25803772	0.076874115	-0.15492924	0.3512356	0.36200863	-0.21562843
0.20756483	0.5001937	-0.021554533	0.22374474	-0.2528865	0.12840131	-0.14888832	0.46843523	0.23305584	-0.03315586
0.49707326	0.48825598	0.0043608784	0.744611	-0.5704143	0.259899	-0.3913117	0.41883847	-0.106286205	-0.055753976
0.30076593	0.63911843	-0.05432539	0.55258214	-0.45582762	0.061499882	0.094804116	0.472667	0.23557656	-0.24303572
0.045327954	0.24861382	-0.041295018	-0.059037007	0.031523164	0.12867439	-0.07366295	0.4506269	0.4223067	-0.048090864
-0.061139617	0.105270684	-0.11620877	-0.2242586	-0.14384562	0.07977388	0.08142452	0.4048918	0.4320696	-0.0032384119
0.03319156	0.1981623	-0.048387315	-0.08045058	0.08300596	0.12656909	-0.0809165	0.43640432	0.4380397	-0.07220449
0.069305345	0.44511482	-0.009360186	0.03333134	-0.32559684	0.120284	-0.13874616	0.4550579	0.23656249	0.0640528
0.023239808	0.37072074	0.018965237	0.17540874	-0.30381516	0.25927368	0.06444482	0.49138963	0.3907201	0.22411034
0.18194434	0.4566365	0.021562828	0.77097964	-0.23680967	0.46036127	0.035793904	0.4936055	0.03757327	0.15349257
-0.003565397	0.08486399	-0.09044224	-0.14808095	0.13674726	0.10120791	-0.075328186	0.3787474	0.44104522	-0.14336333
-0.12442312	-0.06517616	-0.021279993	-0.019913374	-0.730368	0.28039408	0.1416171	0.43178123	0.26084748	0.35679814
0.104463175	0.38680914	-0.013792923	0.14327244	-0.07220546	0.17811126	-0.024131512	0.49165943	0.41150188	0.042673383
0.16052161	0.4027029	-0.047360018	0.047833145	-0.08486365	0.09911715	-0.2017005	0.42840406	0.28062883	-0.1092956
0.24404183	0.4867276	-0.0359547	0.24153554	-0.49523988	0.08882324	-0.35257962	0.3685581	0.028630188	-0.06848793
0.04547754	0.14528851	-0.11763586	-0.14586651	0.1700806	0.07310908	-0.09869771	0.3630158	0.38020432	-0.1942217
0.121789545	0.28193176	-0.045049105	0.015569611	0.14855242	0.1241955	-0.12715328	0.4412787	0.4052182	-0.11812814
-0.08200655	-0.3396119	-0.07508194	-0.15659635	-0.6805235	0.5198222	-0.033839088	0.38063112	0.68212545	0.38426945
0.29487166	0.47128245	0.025387013	0.85904413	-0.36182946	0.5670903	-0.12697612	0.4984806	-0.3765528	0.2587844
0.0017266377	0.27619743	0.020382281	0.13760863	-0.19759832	0.29329628	0.015601049	0.48735324	0.46690834	0.2068903
-0.17982249	-0.4853603	-0.3148028	-0.5509306	-0.64533776	0.08397019	0.0897578	0.3097928	0.46402124	0.33631182
0.15064628	0.19009446	-0.0982746	-0.087857485	0.27190742	0.07814517	-0.16338839	0.3424769	0.36273646	-0.2185692
-0.11961349	-0.20702265	-0.1398654	-0.37888008	-0.17919758	0.12251192	0.017831614	0.19045866	0.49317616	0.15172169
0.08699913	0.47993892	0.00064913667	0.16676761	-0.41532153	0.15302947	-0.043889273	0.48315677	0.23651002	0.10442271
0.15281935	0.22942103	-0.06480624	-0.004799681	0.23309985	0.1093183	-0.18473068	0.3912947	0.3839214	-0.18407378
0.14987752	0.1956972	-0.099522434	-0.0886139	0.26751912	0.075612545	-0.15486187	0.34601995	0.36141402	-0.2194366
-0.18911843	-0.31814632	-0.40501398	-0.48944736	-0.16507512	0.024478793	0.02683717	-0.17462763	0.2471683	-0.106091715
0.24032676	-0.15413646	-0.06826146	-0.0956217	-0.09736615	0.641961	-0.7803269	-0.23434582	0.6400015	-0.020144897
0.659068	0.07979727	-0.44544798	-0.06962402	-0.1131466	0.028965186	-0.47955087	-0.2203439	0.061284322	-0.21048197
-0.17803662	-0.08519892	-0.44557056	-0.092789754	-0.7153504	0.12782057	-0.076891616	0.26517686	0.06236391	0.13233103
0.14717753	0.20180045	-0.098883115	-0.08370345	0.26096407	0.07663609	-0.15175943	0.35179138	0.3632305	-0.2175443
0.53958815	-0.1500758	-0.2839879	-0.32889798	0.049782526	0.059046254	-0.38844842	-0.46119437	0.09835627	-0.17847529
-0.15197194	-0.319772	-0.3206225	-0.47564057	-0.0062964987	0.0012478092	0.121338435	0.19161445	0.47303757	0.057442516
0.20199223	0.6607921	-0.06557248	0.32143265	-0.5220917	0.04100456	0.13715759	0.5210876	0.20971565	-0.059611816
0.10541572	-0.15332304	-0.54588497	-0.4070114	-0.07885686	0.0010085901	-0.07030797	-0.5027294	0.09208502	-0.25393713
-0.114695914	-0.21660131	-0.30340144	-0.4129685	-0.25175837	0.07253448	-0.062880166	-0.52895874	0.26039198	-0.19831376
0.5799678	0.03536492	-0.5671296	0.4916211	-0.17166202	0.0023493015	-0.09261589	-0.45191243	0.15601058	-0.3792067
0.651058	0.7674653	-0.45591936	-0.02156833	0.44616708	-0.009845446	0.26145837	0.022664195	0.11124417	-0.58453536
-0.059052445	-0.13240963	-0.06620848	0.1373337	-0.38501364	0.40983522	-0.29909226	0.37205654	0.44766036	0.08666777
0.58252275	-0.030942125	-0.569174	-0.013915521	0.1278967	-0.008448211	-0.08667651	-0.54514927	0.12561615	-0.32498732
0.1759493	0.21613204	-0.09213395	-0.06342974	0.27596292	0.0797823	-0.17005563	0.34971383	0.35776103	-0.21845509
0.41245705	0.35727027	0.008016246	0.8357471	0.09001056	0.4730155	-0.42005596	0.4447398	0.06986245	-0.090404965
0.015784044	0.16526307	-0.017322758	-0.048233174	0.07625937	0.18541129	-0.15071818	0.44289643	0.46781796	-0.012845832
0.14961313	0.21520616	-0.08921096	-0.06536993	0.25040874	0.082163945	-0.15476854	0.36480907	0.36723778	-0.21037771
0.08858069	0.35266814	0.03176412	0.6519766	-0.1728211	0.52057755	-0.086061135	0.48719612	0.06802715	0.27941564
-0.08177821	0.15513875	-0.061150957	-0.009243437	-0.67453873	0.1978251	0.17019571	0.45680636	0.412447	0.25293007
0.1495574	0.19485359	-0.10033729	-0.09147127	0.26671216	0.075236656	-0.15750608	0.34498343	0.35929298	-0.21898645
0.06331436	0.24739088	-0.025370257	0.021868559	0.08911304	0.16275983	-0.12890194	0.4549441	0.444818	-0.042383112
0.14738661	0.1912719	-0.098786704	-0.09085149	0.2682888	0.07671775	-0.15783107	0.34410268	0.36272046	-0.2186358
-0.14061517	-0.40628922	-0.21208033	-0.54462224	-0.3772299	0.20715022	-0.02265043	0.11799275	0.64956087	0.3284241
0.50103754	0.34472224	-0.027947482	0.6224038	0.15210442	0.2235191	-0.3305652	0.24643363	0.18981652	-0.21639523
0.49382663	0.34747928	-0.025385138	0.61716574	0.16342406	0.23095308	-0.33476147	0.257177	0.19546552	-0.21442424
0.14331082	0.19545832	-0.09549768	-0.086550884	0.26100546	0.07824454	-0.15347533	0.35190973	0.3658534	-0.21515234
0.23469311	0.02669091	-0.009725318	0.38714105	0.29333106	0.77237964	-0.5535697	0.17481299	0.73551714	0.2005791
0.13210525	0.19335636	-0.09606883	-0.0949622	0.24702567	0.07835868	-0.15549539	0.35363805	0.36368707	-0.21097867
0.6181863	0.3686667	-0.065717295	0.47898194	0.028149761	0.10465008	-0.29277873	0.044396434	0.16596004	-0.23716094
0.4308042	0.48424548	-0.09592355	0.3360743	0.06847093	0.056151476	-0.2045524	0.31167668	0.22342525	-0.27406052
0.14964347	0.19481647	-0.10033465	-0.0914562	0.26682934	0.075245954	-0.15758176	0.34491765	0.3592902	-0.21900697
0.14906213	0.19583085	-0.09973602	-0.09021474	0.2654654	0.07562452	-0.15703146	0.34636348	0.35986644	-0.21847393
0.7930769	0.18582496	-0.5889336	-0.09453324	0.50773937	-0.01710306	-0.24967831	-0.46539193	0.049322087	-0.29524773
0.14612539	0.19721976	-0.09851075	-0.08824432	0.2614139	0.07645641	-0.15516996	0.34973258	0.36164832	-0.21705237
0.15476711	0.20470974	-0.09998806	-0.084548794	0.26498526	0.07456106	-0.15421955	0.3488765	0.35812366	-0.21967117
0.21795164	0.3855237	-0.10079768	0.036779758	0.18131877	0.05624188	-0.064304985	0.39940405	0.3377308	-0.23482947
0.59867036	-0.029595595	-0.49961025	0.208614	0.27767447	0.0069589284	-0.094284005	-0.6119798	0.17706785	-0.31306538
0.20344813	0.20890741	-0.027689412	0.20238753	0.35334256	0.19238868	-0.18504854	0.3582284	0.4998068	-0.19477482
0.18190332	0.29108992	-0.04025784	0.10188251	0.21380918	0.13677225	-0.17474847	0.43047372	0.40052873	-0.14596888
0.15427384	0.13962771	-0.1649832	-0.08636595	-0.031434666	0.077041045	-0.14698815	0.18939652	0.22381863	-0.23113763
0.14959837	0.1948305	-0.100352764	-0.091487534	0.26677293	0.07523131	-0.15753588	0.34494358	0.35927832	-0.21900299
0.041949008	-0.09943524	-0.05788302	-0.18170042	0.27430105	0.3689302	-0.37367502	-0.14558326	0.6318004	-0.19078398
0.67779475	0.022402953	-0.3736008	0.2948222	0.075404085	0.032759387	-0.22244273	-0.57005113	0.122369185	-0.24622126
0.2245987	0.29893884	-0.08715499	0.041570924	0.25661656	0.06348383	-0.07637181	0.3386715	0.37114376	-0.2563315
0.6209905	-0.004211673	-0.5484408	0.23187903	0.06676285	-0.0064246124	-0.0918044	-0.53129977	0.13801718	-0.33211455
0.347316	-0.072022386	-0.6177536	-0.15251228	-0.05252205	-0.021107202	0.09400257	-0.47806588	0.18662329	-0.4106211
0.5319204	-0.06967693	-0.106633075	-0.036291838	0.49737304	0.21852857	-0.406308	-0.66234004	0.31997117	-0.17097431
0.18597856	0.23326056	-0.0875285	0.0132287145	0.25801128	0.06770796	-0.054468054	0.3204544	0.40286368	-0.26083997
0.11991719	0.21674497	-0.08347199	-0.064842746	0.21850169	0.0866044	-0.12745519	0.38623396	0.38369912	-0.19410759
0.16484948	0.3611918	-0.027370222	0.15748857	0.1279242	0.1544624	-0.10678585	0.46778917	0.4152855	-0.07483564
0.14499922	0.21585612	-0.101249166	-0.07605538	0.2527139	0.07315486	-0.12825252	0.3597157	0.3673284	-0.22043715
0.06064758	0.40562192	0.012992949	0.21132673	-0.27256137	0.2589454	0.048055116	0.49843857	0.3548024	0.188449
0.15750676	0.20449972	-0.09776837	-0.07969737	0.27064463	0.07535494	-0.15118016	0.3472187	0.3625136	-0.22146675
0.14745438	0.21240151	-0.09217741	-0.07145201	0.2509763	0.07996958	-0.15061446	0.3632954	0.36599454	-0.21211551
0.14960715	0.19483553	-0.100351535	-0.091486216	0.26677412	0.075231485	-0.15754567	0.34494284	0.3592721	-0.21900196
0.15601547	0.3930606	-0.039799657	0.09822246	0.04203535	0.122250885	-0.08274952	0.46790874	0.37818804	-0.083667986
0.12044656	-0.08664522	-0.19572337	-0.31588253	0.18373318	0.10603986	-0.42621458	-0.038231708	0.254138	-0.15765303
0.14818957	-0.009758284	-0.25700077	-0.24840929	0.3707208	0.028941883	-0.12629744	0.06688564	0.28615928	-0.23669319
0.71100473	0.09495288	-0.3693027	0.50774145	0.43372932	-0.025590932	-0.065893106	-0.6132851	0.19279201	-0.33752948
0.80818945	0.17400035	-0.2617063	0.46473247	0.1884839	0.106709406	-0.8141725	-0.35801014	0.025754008	-0.15837027
0.46928552	-0.07530386	-0.5624099	-0.21391104	0.015262154	-0.004950116	-0.08936518	-0.525532	0.10271819	-0.30058193
0.120875455	0.2322908	-0.10417801	-0.077320576	0.20380059	0.07259969	-0.11051705	0.38244462	0.36718667	-0.20666368
0.68359214	0.6255398	-0.073250264	0.80666924	-0.39123338	-0.0023937896	-0.18768898	-0.052920014	0.11998261	-0.3799316
0.6003417	0.43193877	-0.0023617237	0.8765631	-0.5110012	0.278644	-0.32459256	0.26339632	-0.06506508	-0.20890859
0.13134165	0.20622724	-0.09020082	-0.09119769	0.22022243	0.08134679	-0.16906323	0.36800542	0.3535301	-0.20023368
0.72040373	0.6667418	-0.52448285	0.48396268	0.41347358	-0.008485779	-0.043186713	-0.17476022	0.17034994	-0.65902966
0.02564714	0.08631745	-0.06194977	-0.14493339	0.1644938	0.124950275	-0.21524811	0.3643777	0.4052741	-0.14573905
0.7662008	0.4081708	-0.048800673	0.914972	-0.24121897	0.088311136	-0.27263758	-0.5103569	0.06394484	-0.29138902
0.29982218	-0.056061223	-0.6025007	-0.22953157	-0.08279793	0.00608508	-0.11720114	-0.45506337	0.107936285	-0.297091
0.017996294	0.11463104	-0.18516545	-0.20790729	0.12920676	0.03623337	-0.00054139935	0.3150587	0.34574637	-0.23307486
0.50106734	0.18827458	-0.08911285	-0.07390739	0.2723954	0.13090536	-0.46530434	0.017295524	0.20704064	-0.16251408
0.63250154	0.22307293	-0.026558734	0.8395711	0.12379439	0.25036284	-0.17784134	-0.44656524	0.2808586	-0.24970904
0.29583243	-0.115105055	-0.6887974	-0.24516152	-0.1503425	-0.023891494	0.2671525	-0.38362727	0.2571746	-0.54566836
0.14933129	0.19494094	-0.100492366	-0.091530174	0.2664464	0.07511787	-0.15706134	0.34502065	0.3593341	-0.21909183
0.1495958	0.19480917	-0.10035066	-0.09149147	0.26679116	0.075234905	-0.15754113	0.34493226	0.35928792	-0.21900469
0.43326056	0.07650712	-0.5287619	0.41474932	-0.33578613	0.02771463	-0.15948728	-0.21114749	0.14035323	-0.3503051
0.40140447	0.22418748	-0.06016011	0.021006744	0.36599603	0.10608967	-0.33432904	0.20397985	0.296133	-0.20249753
-0.09950224	-0.008242389	-0.06835735	-0.2791903	-0.31527328	0.121306114	0.03579077	0.38077253	0.41930124	0.1111574
0.10620403	0.2694106	-0.09610549	-0.02230839	0.20723875	0.07354717	0.038120836	0.42211205	0.44434452	-0.18858108
-0.07378999	-0.104584515	0.043883678	0.09372714	-0.65191966	0.4956422	0.13253766	0.45704028	0.44377047	0.44585723
0.23345788	0.27022097	-0.13492261	-0.06735116	0.3072375	0.04194432	-0.0970684	0.3058579	0.32362494	-0.26353008
0.503182	0.0268214	-0.5482203	0.31684598	-0.26426724	0.0177045	-0.14661774	-0.37741637	0.13116695	-0.3391806
0.7383958	0.28931433	-0.5192089	0.6923468	-0.22491631	-0.016254684	-0.2819582	-0.28142452	0.08966138	-0.45919302
0.14961489	0.19483538	-0.10034607	-0.091477476	0.266783	0.075235166	-0.15755351	0.3449407	0.35927618	-0.21900192
0.3808367	-0.09185482	-0.19362603	-0.19780307	0.05582411	0.22934161	-0.5030698	-0.5312596	0.22030997	-0.14021757
-0.10260649	0.048192218	-0.3668408	-0.34618172	-0.14649053	0.0009261001	0.20042591	0.32125896	0.44769186	0.03816361
0.14929008	0.20989938	-0.11835564	-0.09713742	0.26635128	0.05922755	-0.10071452	0.33777222	0.3587281	-0.23823145
0.16097645	0.45682326	0.027075972	0.8142526	-0.2607497	0.4494132	0.07820108	0.48176378	-0.03362247	0.20540193
0.23775104	0.36338764	-0.07406099	0.17389064	0.24708389	0.08982995	-0.0798012	0.40417755	0.39828086	-0.22849095
0.41286117	0.5933313	-0.0741144	0.75093985	-0.44505045	0.05943052	-0.067772925	0.3938646	0.15232408	-0.3356632
0.16355608	0.2518653	-0.20520623	-0.068387285	0.018587867	0.009830199	0.07534636	0.24780126	0.29489574	-0.33137524
0.14143755	0.17450789	-0.17516781	-0.15570422	0.26827064	0.029855747	-0.046424862	0.2819429	0.31967995	-0.26390675
0.74375844	-0.050978065	-0.6655431	-0.3208336	0.6213375	-0.015896989	0.05072828	-0.61155367	0.060234047	-0.36681557
-0.037163243	-0.089791566	-0.41330716	-0.13560481	-0.47054145	0.10412311	-0.1465263	-0.29437283	0.24713987	-0.2561207
0.14790305	0.21299458	-0.10968936	-0.08811544	0.25843677	0.065608725	-0.11867503	0.34847707	0.36032796	-0.22906998
0.15660018	0.2362839	-0.11257614	-0.07186397	0.25444186	0.05837879	-0.07928072	0.3521834	0.362656	-0.24010897
0.09169266	-0.12431737	-0.1761103	-0.20377861	0.47321525	0.088259265	-0.088749096	-0.58135897	0.49642035	-0.27211705
0.06312117	0.075051896	-0.13970041	-0.18192823	0.26195163	0.06701513	-0.13470519	0.28115848	0.37168625	-0.22177863
-0.064477645	-0.16574065	-0.47036004	-0.32840753	0.2422685	0.02195838	-0.015127146	-0.55303144	0.30832222	-0.27693984
0.2701102	0.36836514	-0.16001406	0.041687492	0.2949401	0.03210662	0.016988019	0.29303703	0.36077088	-0.32599574
0.56718457	0.5980287	-0.25395113	0.32943612	0.4231452	-0.022547934	0.15496221	-0.10028829	0.2851233	-0.5214988
0.6215714	-0.09789945	-0.44001752	-0.34945711	0.48884055	-0.003707922	-0.20463954	-0.57342637	0.09147618	-0.20466019
-0.057992585	-0.1304032	-0.42516956	-0.28148857	-0.056204204	0.047819853	-0.029756064	-0.5463361	0.33843818	-0.29685885
0.45200548	-0.013877764	-0.24293981	-0.14180756	0.50483894	0.035839375	-0.14388244	-0.3609701	0.27534747	-0.2471182
-0.08017071	-0.15231715	-0.3146359	-0.24713682	-0.4124979	0.15085188	-0.093520015	-0.33456305	0.36361557	-0.20471768
0.14290705	-0.17515466	-0.5281279	-0.38852504	0.3552053	-0.0058873766	-0.051745165	-0.60945046	0.13789684	-0.25605485
0.6879831	-0.101329155	-0.55152285	-0.30806965	0.55845594	-0.020393254	-0.10848525	-0.6382158	0.07577719	-0.26812896
0.2217557	0.28369135	-0.08127762	-0.006459912	0.2581654	0.07475047	-0.15399559	0.3712921	0.3401912	-0.22143316
-0.035206202	-0.13959245	-0.24360801	-0.2304239	0.23053743	0.041897856	0.019116355	-0.16237263	0.46001732	-0.28694788
0.31282163	0.3858499	-0.13026597	0.07689204	0.299266	0.036552176	-0.035852317	0.28698486	0.33552068	-0.30575404
0.64379966	0.5377494	-0.47992963	-0.025849754	0.4064833	-0.014261873	0.06643517	-0.024310801	0.12908366	-0.48551393
0.1696588	0.19904436	-0.10541002	-0.09159374	0.28421965	0.07134268	-0.16423419	0.33236575	0.35080817	-0.22559203
-0.16925055	-0.13445762	-0.44435734	-0.44897583	-0.12443246	0.003283379	0.070683464	0.12115714	0.23211718	-0.13021216
0.17496602	0.1085545	-0.19978659	-0.122375414	0.36060056	0.022934014	0.02483622	0.14275947	0.36995167	-0.31661606
0.11209531	0.091221645	-0.10733086	-0.16284773	0.291491	0.08643926	-0.2199362	0.2817246	0.36170185	-0.20614965
0.062103152	0.106446095	-0.13010848	-0.17000358	0.23071419	0.06334655	-0.110573724	0.31496352	0.36820644	-0.21923764
0.18761453	-0.0670927	-0.38738617	-0.18049395	0.3716036	-0.026706912	0.18979043	-0.09326444	0.32454646	-0.395997
0.12736505	0.17677948	-0.10386738	-0.10861534	0.25630328	0.075198136	-0.1533307	0.34351525	0.36257872	-0.21602394
0.062157415	0.12597993	-0.13982517	-0.17247868	0.21512768	0.059241578	-0.105910555	0.3250093	0.35617206	-0.21821082
0.13631748	-0.11802547	-0.4220952	-0.27812275	-0.16709161	0.061347634	-0.16460453	-0.5271064	0.15826105	-0.23398119
-0.05819452	-0.17887641	-0.5046078	-0.29450658	0.3358791	0.027696509	-0.014110311	-0.4529641	0.35769904	-0.2907687
0.15643658	0.1965195	-0.10014649	-0.08869656	0.27273822	0.07548741	-0.16140471	0.34207058	0.35822088	-0.22024623
0.14808479	0.20668077	-0.094345756	-0.07720655	0.25564235	0.07946483	-0.15631016	0.3576689	0.36364204	-0.2135788
0.608908	0.46199545	-0.8148253	-0.30782852	0.2080006	-0.0046081794	0.45079005	-0.124801286	0.114638835	-0.6910452
0.14933912	0.19484952	-0.10023989	-0.09136474	0.26642296	0.07534175	-0.15756705	0.34519184	0.3593956	-0.2188421
0.17265871	0.21981023	-0.09475548	-0.06541365	0.2731219	0.07580884	-0.15494478	0.351071	0.35860568	-0.22181469
0.21425936	0.41422182	-0.06612261	0.1510211	0.16493939	0.08109651	-0.016880466	0.43110052	0.38748994	-0.201846
0.24671112	0.23137106	-0.038191225	0.1013483	0.2939172	0.14712077	-0.25818452	0.35528728	0.38469118	-0.19522059
0.14961578	0.19481619	-0.10032542	-0.09145528	0.26680315	0.075249754	-0.15756862	0.34493288	0.35930353	-0.21899854
0.105088145	0.3954709	0.008434752	0.23655881	-0.17031962	0.2507269	-0.07553076	0.49231833	0.34575325	0.11828819
-0.039583154	-0.041523926	-0.15522309	-0.16471861	0.17267743	0.08314519	0.041076504	0.25547117	0.52543795	-0.23021427
0.75863034	0.1347056	-0.773465	-0.22875015	0.2313905	-0.0071805445	-0.16607858	-0.35873544	0.035662062	-0.43577337
0.32771823	0.46729654	-0.0445765	0.4622297	0.072837315	0.11535907	-0.08800454	0.4210308	0.29788843	-0.24149156
0.15430638	0.19747856	-0.09862752	-0.085393295	0.27219963	0.07569492	-0.1539212	0.34357205	0.36302075	-0.22121307
0.34902334	0.4140045	-0.2842935	-0.2688833	0.12857948	-0.0016012389	-0.22736412	0.22718772	0.12036919	-0.24990544
0.28692934	-0.112878226	-0.29791692	-0.19450746	0.45549807	0.06851098	-0.12314429	-0.6845492	0.3104914	-0.2470563
-0.00851084	0.13777748	-0.1267033	-0.111497894	0.060639158	0.08434635	0.06198476	0.375422	0.4918958	-0.13450691
0.4423614	0.62832123	-0.14854129	0.47697604	-0.0016600915	0.00876873	-0.07688395	0.32274684	0.22363248	-0.3766557
-0.07177654	0.026550896	0.08280367	0.55743855	-0.6406577	0.5620731	-0.103157364	0.42248356	-0.30247465	0.3659617
0.42311838	0.38554847	-0.09153905	0.34251994	0.30879053	0.09263138	-0.16559899	0.24435395	0.3555203	-0.28363538
0.14943773	0.19486561	-0.10017971	-0.09110847	0.26667893	0.07535924	-0.15730804	0.34522837	0.359602	-0.21893293
0.1487426	0.19445112	-0.10064168	-0.0921118	0.26632136	0.07509363	-0.15684961	0.34498996	0.3594087	-0.21902303
0.20192559	0.3166108	0.0017079228	0.38146028	0.14340137	0.28442952	-0.24291019	0.46584815	0.41347474	-0.009508243
0.22897218	0.36819702	-0.3001604	0.09436223	-0.0403273	0.028636463	-0.08184999	0.24432507	0.23329543	-0.35184452
0.30073807	0.27218714	-0.053405255	0.08589627	0.2978215	0.111538984	-0.25297835	0.3401982	0.3365098	-0.20980823
0.16474798	0.22422463	-0.082156874	-0.045043666	0.25864506	0.087474264	-0.16437526	0.36809593	0.3691894	-0.20857207
-0.078309566	0.33706853	0.077232145	0.553792	-0.6906727	0.42526013	0.11544705	0.46060643	-0.25951225	0.39026546
0.080076806	0.36278275	-0.054211333	0.033327837	-0.006037749	0.1151539	0.03658859	0.46903875	0.4481199	-0.023346344
0.14962453	0.194858	-0.10036755	-0.091480985	0.26679653	0.07521152	-0.15747797	0.344931	0.35927644	-0.21902978
0.1407997	0.3806723	-0.000585407	0.3696751	0.055718794	0.28058687	-0.04571288	0.4978347	0.42017657	0.004885335
0.2727474	0.09619962	-0.5306015	-0.3071802	0.35114717	-0.012350549	0.000102518796	-0.08458795	0.16484588	-0.32628217
0.14959173	0.19482853	-0.10036081	-0.091489494	0.26678362	0.07522194	-0.15748252	0.34493485	0.35929582	-0.21901946
0.14742272	0.19469294	-0.10004487	-0.09219382	0.2643574	0.075496554	-0.15727684	0.34571397	0.3596912	-0.2181953
0.4699006	0.39490703	-0.15000509	0.13611247	0.37540913	0.03012001	-0.10835194	0.091051385	0.27806273	-0.30654392
0.18798703	0.23267974	-0.09377554	-0.060152628	0.2676109	0.075993136	-0.17482163	0.35519758	0.34353948	-0.2177387
0.15138283	0.20052405	-0.09782216	-0.08412141	0.26505405	0.07660754	-0.15586334	0.3490292	0.36163655	-0.21820703
0.23619285	0.23187147	-0.09921163	-0.05121153	0.326438	0.069807254	-0.16712208	0.30300915	0.35042092	-0.2411628
0.15194309	0.1983116	-0.09876834	-0.08693146	0.26705313	0.07611004	-0.1575391	0.34656003	0.36044195	-0.2187915
0.17245358	0.22843629	-0.08326457	-0.03772416	0.26678267	0.085805066	-0.15826134	0.36010787	0.3731138	-0.21612519
0.14904957	0.19534223	-0.09990138	-0.09092393	0.2656813	0.07551046	-0.15748227	0.34588417	0.3595612	-0.21852107
0.1417475	0.26174787	-0.07169645	0.01000517	0.22410761	0.09724569	-0.10396792	0.396827	0.4136227	-0.19284882
0.15837602	0.1988769	-0.09709425	-0.08335801	0.2730607	0.07703569	-0.16239372	0.3443151	0.36015788	-0.21945964
0.15847664	0.20048662	-0.094766594	-0.079338275	0.27193505	0.078631304	-0.1628699	0.34648395	0.36227578	-0.2184009
0.14724213	0.19859725	-0.09317179	-0.07915536	0.26188335	0.08055902	-0.15811612	0.3544488	0.3666138	-0.2141135
0.1285489	0.3335634	0.030357212	0.79532367	-0.037131526	0.6628627	-0.14098655	0.4944424	-0.32060805	0.33122575
-0.037161525	0.1469168	0.012486192	-0.051170632	-0.17583513	0.24684508	-0.181498	0.44905022	0.44267976	0.111918435
0.14959206	0.19482344	-0.10035439	-0.091493025	0.26677275	0.07523099	-0.15753317	0.34494177	0.35928026	-0.21900322
0.15155907	0.20118423	-0.096292734	-0.0823084	0.26371422	0.077565156	-0.15787284	0.3511284	0.36167395	-0.2168734
0.1491512	0.19506626	-0.09976628	-0.09045706	0.2660916	0.07575697	-0.15771797	0.34581923	0.3599269	-0.21850178
0.43604323	-0.02750169	-0.5517539	-0.055942945	-0.13965563	0.015125455	-0.14679468	-0.43840808	0.11697652	-0.3057982
0.5642379	0.5377199	-0.22134452	0.062356334	-0.018392056	0.0079993615	-0.32747906	0.19989794	0.100548595	-0.28208104
0.06228653	0.28116223	-0.023761628	0.0043064132	0.027860664	0.15989503	-0.06794034	0.47033942	0.4394282	-0.001846783
-0.111722425	-0.2886312	-0.1555582	-0.3989873	-0.5026696	0.30039343	-0.1086521	-0.2503579	0.54899013	0.13995333
0.11483967	-0.13601063	-0.1773259	-0.24170455	0.45256272	0.11178229	-0.13260967	-0.71249324	0.45841292	-0.2423003
0.7310575	0.39627492	-0.65531546	0.5150415	-0.120782234	-0.010208767	-0.31255054	-0.17371081	0.08059001	-0.5413657
0.52661145	0.30396134	-0.14643969	0.07396976	-0.2740923	0.25470594	-0.8346756	0.31256786	-0.021163337	-0.060132325
0.26747465	0.368367	0.01707278	0.77358437	0.1213273	0.6554784	-0.39678654	0.51541966	-0.12194739	0.19990674
0.113211274	0.18069723	-0.08534759	-0.08217547	0.242713	0.0886772	-0.14463343	0.36376023	0.38924685	-0.20272027
0.07990839	0.28090358	-0.014208198	0.08381495	0.10836606	0.17975862	-0.0740778	0.43152276	0.47647977	-0.07551874
0.8027994	0.30527213	-0.49847278	0.5435117	-0.0012516995	-0.018719213	-0.5014724	-0.3287404	0.05780654	-0.3506388
0.42432487	0.5315089	-0.15262286	0.18751833	0.19161557	0.02163937	-0.1279032	0.28252324	0.23507614	-0.3184288
0.010883164	0.05320839	-0.14284097	-0.18996863	0.1911372	0.07052784	-0.10967787	0.30876487	0.38350463	-0.20735867
0.00028696287	0.04600442	-0.03360761	-0.1172358	0.19665855	0.17933853	-0.23186505	0.3436168	0.48164228	-0.11841002
0.1476624	0.19528715	-0.09995598	-0.09129327	0.26420975	0.075549506	-0.15689735	0.34657368	0.35976762	-0.21814512
0.6953207	0.67317504	-0.60227585	0.2609768	-0.37754437	-0.006392031	-0.36876762	0.043565802	0.063806124	-0.5675655
-0.07343249	-0.018014077	-0.1967062	-0.2772914	0.04137033	0.05598963	-0.04502869	0.2989862	0.35905573	-0.15755846
-0.099846125	-0.104216404	-0.42449972	-0.12155687	-0.59722763	0.11222444	-0.14154945	0.043214887	0.18224739	-0.14956646
0.21001662	0.21478586	-0.07696087	-0.042548366	0.3060745	0.08898559	-0.194361	0.33387655	0.36311975	-0.21882644
0.14960049	0.19483848	-0.100346915	-0.091474615	0.26677004	0.075234614	-0.15753499	0.34495166	0.35928297	-0.21900056
0.5988047	0.6238728	-0.12901433	0.7940911	0.17147626	0.009214703	0.02032508	0.02195553	0.3870472	-0.50109625
0.15035082	0.20402709	-0.093991034	-0.077242374	0.26097655	0.07935161	-0.15649034	0.3552719	0.3646538	-0.2150701
0.14948514	0.18763576	-0.10108618	-0.101395845	0.26576796	0.07490094	-0.17058514	0.34034035	0.35191587	-0.21673161
0.39966553	0.17815621	-0.1806738	-0.16277775	0.2960684	0.03245754	-0.3401446	0.14956185	0.18598498	-0.20645146
0.21079555	0.3538446	-0.21502621	-0.0708851	0.25898796	0.0044719265	0.10023773	0.29823667	0.31351206	-0.33838427
0.6894217	0.24333735	-0.262368	0.5759744	0.11794075	0.024083644	-0.14847769	-0.3784532	0.1640725	-0.32391793
-0.094206594	-0.22705649	-0.26345524	-0.38491118	0.26733997	0.027280942	-0.0154401	-0.6488774	0.3887221	-0.2243782
0.1674019	0.28948617	-0.08288565	-0.009001398	0.1594169	0.087265186	-0.17830156	0.40118444	0.33608687	-0.18748675
0.5782902	0.10607686	-0.6115732	0.4614211	-0.20642658	-0.014167141	-0.03604418	-0.31590638	0.14793912	-0.4419472
0.6071787	0.07296356	-0.63630927	0.49882844	0.00129777	-0.00910716	-0.09648902	-0.3936202	0.15733139	-0.43701598
0.14785773	0.39219216	0.009092096	0.3428015	-0.0862038	0.26792136	-0.16224197	0.4380272	0.2809841	-0.045395598
0.14369035	0.2280633	-0.0946429	-0.05025386	0.24794574	0.07793453	-0.10992596	0.36961	0.38437682	-0.21898055
0.21352223	0.1697449	-0.09698377	-0.087729566	0.3449619	0.07964937	-0.19399157	0.27999955	0.36217836	-0.2314451
0.16622186	0.2252821	-0.09961891	-0.058521338	0.2709665	0.074174	-0.13351738	0.35185233	0.36849228	-0.22754605
0.15336677	0.20067653	-0.099950805	-0.08558595	0.2679441	0.074948154	-0.15361191	0.34619915	0.3605518	-0.22053005
0.15050742	0.19632238	-0.09931214	-0.088745356	0.26682708	0.07590257	-0.15750268	0.34631765	0.36019334	-0.2186764
0.267597	0.31370172	-0.07640266	0.07940951	0.2683708	0.08755634	-0.18332891	0.37098885	0.33948296	-0.22175698
0.1495985	0.1948269	-0.100356445	-0.091492206	0.26677853	0.07522849	-0.15753049	0.3449391	0.3592775	-0.21900648
0.18558463	0.33995214	-0.0015350163	0.45404434	0.2066641	0.2901115	-0.14323588	0.4742218	0.46912676	-0.051610053
0.13046321	0.25468993	-0.021817975	0.08922228	0.20737404	0.17960449	-0.17935655	0.4455469	0.44673738	-0.08432081
0.13691045	0.43912446	0.019733667	0.705156	-0.12172149	0.44444075	0.089503564	0.50547963	0.21268936	0.2168585
0.0035407543	0.046285897	-0.07226967	-0.13661021	0.20481129	0.12351347	-0.12556909	0.34313893	0.468363	-0.1580127
-0.11926026	-0.16904062	-0.4177328	-0.2354477	-0.5646018	0.10195025	-0.041533146	-0.08850264	0.27171245	-0.16009071
0.1238206	0.2942803	0.022709304	0.6656518	0.11678686	0.53755933	-0.1222506	0.49412444	0.30438402	0.17398496
0.09604826	0.1364491	-0.097184405	-0.12479725	0.2506391	0.084025204	-0.16045012	0.33863303	0.37927204	-0.20719154
-0.004341358	0.24246886	0.020898525	0.13053411	-0.19973356	0.3423415	0.04118495	0.49439508	0.49126533	0.24935775
0.042113155	0.59923875	-0.03843748	0.12710518	-0.58971196	0.06268874	0.18833993	0.51657414	0.24602555	0.19735678
0.15346399	0.19539113	-0.09934369	-0.089664176	0.2699755	0.075869314	-0.16119687	0.34383172	0.35864893	-0.21902902
0.14883895	0.19640882	-0.09942667	-0.089554645	0.2647895	0.07576098	-0.1565808	0.34704664	0.36019793	-0.21827273
0.14761369	0.19858389	-0.09760145	-0.08621885	0.26194355	0.07678095	-0.15499735	0.35047156	0.3620677	-0.21698956
0.14929788	0.19608349	-0.09960451	-0.08988242	0.26552886	0.07564269	-0.15694144	0.3464701	0.35994986	-0.21850662
0.1487849	0.20151806	-0.097589284	-0.08470852	0.2611643	0.0762893	-0.15323295	0.35146925	0.3617088	-0.2173075
0.1494107	0.19593936	-0.09973676	-0.09017381	0.26570442	0.07558553	-0.15725467	0.34628975	0.35969448	-0.21852642
0.15147649	0.19799054	-0.10015396	-0.08969156	0.26619735	0.07490454	-0.1568237	0.34616438	0.35843053	-0.21911263
0.14795414	0.19638743	-0.09912366	-0.0893222	0.26393515	0.07597589	-0.15608908	0.3477731	0.36071292	-0.21793231
0.14918463	0.19539803	-0.099929266	-0.09066815	0.26584607	0.07548828	-0.15718792	0.34590325	0.35968775	-0.21864554
0.14954284	0.19484237	-0.100320354	-0.09143232	0.26671124	0.075251654	-0.157482	0.34502032	0.35932967	-0.21898036
0.14953856	0.19480787	-0.100348756	-0.09149213	0.26674324	0.07523498	-0.15747702	0.34496656	0.35931742	-0.21899973
0.14824967	0.19587906	-0.09937933	-0.08985409	0.2647175	0.07579604	-0.15618494	0.34701467	0.36055276	-0.21825197
0.14930609	0.19532546	-0.10000693	-0.09078698	0.26609594	0.07544339	-0.15723749	0.34568688	0.35964194	-0.21873806
0.1488121	0.1959002	-0.09962006	-0.09005937	0.26523295	0.075623445	-0.1565506	0.34658432	0.36012873	-0.21846762
0.14958736	0.19482344	-0.10035211	-0.091492325	0.2667674	0.075232595	-0.15753357	0.3449447	0.35928246	-0.21900074
0.11193841	0.20380709	-0.06653741	-0.037208766	0.23011278	0.10926475	-0.14569773	0.3947666	0.41208676	-0.17404234
0.2861041	0.30475444	-0.08117575	0.11085361	0.29629034	0.09256863	-0.18648869	0.35122427	0.3525263	-0.23264262
0.15018897	0.19549653	-0.100268744	-0.09109724	0.2668022	0.07518128	-0.15763587	0.34508896	0.35903415	-0.21904224
0.4885591	-0.0531627	-0.18759993	-0.266503	0.029380986	0.22336456	-0.7404355	-0.19151865	0.13150422	-0.13833088
0.06063328	-0.0634308	-0.16237226	-0.22913206	0.33842787	0.06493552	-0.13498381	0.094448656	0.38728458	-0.2258077
0.59059185	-0.013510779	-0.59569925	0.0944386	0.01413631	-0.0009395534	-0.11477144	-0.5093179	0.11281438	-0.33462483
0.26486638	0.32277033	-0.014399874	0.3332311	0.14576492	0.20553643	-0.2639287	0.4250275	0.35625848	-0.11710635
0.5448325	0.14989688	-0.6393962	-0.27254784	0.39234942	-0.015137551	0.33415943	-0.11121247	0.13071524	-0.5234913
0.82545376	0.6256495	-0.3179297	0.56670856	-0.23308554	-0.022992287	-0.62468076	-0.24230339	0.037547305	-0.3681592
-0.14300148	-0.28008148	-0.2443493	-0.44399014	-0.14393942	0.12314589	-0.03153549	-0.46805832	0.42910123	0.0020304618
0.069976844	0.20373741	-0.06117936	-0.049998216	0.14457665	0.11646075	-0.13617493	0.4179319	0.41177347	-0.13655014
0.37400353	0.35086268	-0.05267719	0.3154484	0.24929056	0.11609059	-0.22452842	0.32823694	0.3125517	-0.22772945
0.7455882	0.69074196	-0.31430325	-0.022814428	-0.4991015	-0.00712488	-0.5184833	0.084827885	0.021239713	-0.31104916
0.7636386	0.74659735	-0.1755116	0.76192844	-0.41175106	-0.023521157	-0.16231683	-0.1192804	0.11138269	-0.5454957
-0.17550208	-0.28826487	-0.24347079	-0.12654436	-0.7161283	0.29140067	-0.06034161	0.3347128	0.12921262	0.25624382
0.18043967	0.24169233	-0.06524068	0.013618146	0.2565953	0.10475973	-0.1757843	0.37679577	0.38658687	-0.20194092
0.0054639042	0.015965797	-0.11332256	-0.20565556	0.20410335	0.08952519	-0.17870457	0.28907996	0.3883452	-0.19125488
0.12649217	0.18385331	-0.100225784	-0.10013522	0.25075376	0.07709704	-0.14876759	0.3512942	0.3665662	-0.21342659
0.18305087	0.21517293	-0.07288196	-0.015263529	0.29190022	0.095812544	-0.1649296	0.34937143	0.391689	-0.22033198
0.12171566	-0.122141294	-0.2436992	-0.23970462	0.22609384	0.11333146	-0.13949658	-0.68560445	0.34809718	-0.2386402
0.15374437	-0.048570912	-0.572476	-0.32095772	0.28720355	-0.02049007	0.18672647	-0.14197592	0.17570283	-0.35943457
0.7653039	0.33803308	-0.18830477	-0.04265431	0.010824066	0.0610436	-0.6577055	-0.09937228	0.03502501	-0.14201276
0.37244686	0.58241063	-0.11778826	0.42228943	0.18348415	0.028199883	0.037822135	0.32162708	0.36593986	-0.37273085
0.70882857	0.1334792	-0.7086087	0.07345933	0.35744712	-0.008731169	-0.23260614	-0.33359396	0.07329575	-0.39025712
-0.075698234	-0.17618148	-0.28614095	-0.3281711	0.1169152	0.05836413	-0.032858927	-0.63271546	0.41733077	-0.25175297
0.5598916	0.004133397	-0.63329405	-0.14220823	-0.008711741	-0.0022497585	-0.18865757	-0.38479412	0.06981368	-0.31942463
0.57598406	0.35565934	-0.50652957	0.48514605	-0.23895821	-0.015928293	-0.058667578	-0.105201624	0.1454402	-0.48538655
0.17296332	0.21480963	-0.096473075	-0.07792595	0.26999018	0.07524655	-0.16998288	0.34828514	0.34860665	-0.21824308
-0.21539067	-0.31677613	-0.32564777	-0.32735664	-0.662434	0.1792523	-0.056102566	0.24102362	0.14295295	0.17324962
0.5079153	0.43327275	-0.0851604	0.67881805	0.27993217	0.089689076	-0.10603783	0.114783846	0.38073736	-0.3491784
-0.008622076	0.07577616	-0.055810727	-0.12877294	0.12414524	0.13977015	-0.1348102	0.3948731	0.45784006	-0.10144054
0.1769164	0.24695648	-0.07975028	-0.021450765	0.2517776	0.08884949	-0.16323306	0.3767786	0.36708972	-0.20687298
0.14947948	0.19474962	-0.100299455	-0.09147596	0.26673037	0.07527498	-0.15750949	0.3449947	0.3593781	-0.21896353
0.83776397	0.644724	-0.5944191	0.48522562	0.2019951	-0.008285321	-0.32675725	-0.30115202	0.059857287	-0.5677003
0.62778616	0.7812455	-0.3508186	0.31957766	0.39544773	-0.013276827	0.1760839	-0.027046636	0.2030635	-0.6228932
-0.031639706	0.27309674	-0.089394584	-0.1897614	-0.2853561	0.065258026	0.11775649	0.41750148	0.36241055	0.03796447
0.5454073	0.39457583	-0.023763832	0.45303428	0.054211203	0.15421906	-0.33231455	0.22399873	0.20519488	-0.20678674
0.1495486	0.19481398	-0.100324586	-0.09147764	0.2667297	0.07525051	-0.15753148	0.3449768	0.35931063	-0.21897823
0.14987357	0.19489773	-0.09982512	-0.09051592	0.26735798	0.075608976	-0.1575251	0.34501237	0.36009416	-0.21899527
0.7340031	0.1042193	-0.66463006	-0.26579848	0.5781647	-0.01451809	0.06291837	-0.52124953	0.07168944	-0.41337326
0.31349018	0.28374895	-0.07484323	0.0818426	0.3060458	0.09138412	-0.2288972	0.32387903	0.322223	-0.224422
0.012662061	0.1318363	-0.093612134	-0.15749459	0.107694335	0.08915655	-0.10577836	0.38508892	0.39167342	-0.14769424
0.7938564	0.800448	-0.69750196	-0.08395405	-0.5321219	-0.003232934	-0.4722127	-0.12925205	0.02570563	-0.5770132
0.26636666	0.33710107	-0.01757151	0.25019175	0.12322278	0.18781321	-0.29097664	0.43208358	0.32317117	-0.11292052
0.15394753	0.19799268	-0.0975333	-0.08441659	0.2682985	0.07730821	-0.16136749	0.34710658	0.36034438	-0.21801117
-0.09252293	-0.20414588	-0.26829162	-0.3547071	0.16638516	0.035606906	-0.008453283	-0.6297121	0.47346002	-0.21921921
0.4583239	0.69104666	-0.5603927	-0.20931432	0.25773314	-0.00866993	0.36897045	0.14476371	0.12612605	-0.60458255
0.43632603	-0.11587452	-0.5111274	-0.21188526	0.49784008	-0.017767726	-0.027580062	-0.6927001	0.208792	-0.31790432
0.5568707	0.6362552	-0.15503685	0.5331043	0.0074160504	0.002233012	-0.123390734	0.1767975	0.19448212	-0.40406826
0.5519542	0.52348036	-0.04414918	0.7712814	-0.52369267	0.123970136	-0.28182432	0.2975715	0.03685304	-0.2523171
0.33508787	0.48253453	-0.08719348	0.2272082	0.024569176	0.06144319	-0.17160188	0.38918096	0.2502383	-0.24024957
0.14970076	0.1948871	-0.10033043	-0.091470554	0.2667813	0.07523837	-0.15766585	0.34493926	0.35920537	-0.21898374
0.25401622	0.6032398	-0.1384901	0.20411207	0.054898642	0.013369792	0.13326699	0.42027095	0.343431	-0.3169053
0.13534269	0.18552579	-0.08952154	-0.08146632	0.26451105	0.082803026	-0.14510182	0.34858984	0.38233215	-0.21535727
0.8261302	0.3574655	-0.20189017	0.8250332	0.29998705	-0.028662277	-0.21682243	-0.5826605	0.09996032	-0.3495182
0.14974368	0.19497633	-0.10029376	-0.09140028	0.26674148	0.07525441	-0.15771013	0.3449989	0.35918823	-0.21895528
0.75630635	0.344857	-0.5976969	0.19951086	0.5343007	-0.012388387	0.018320553	-0.40136963	0.11264626	-0.5249923
0.7534939	0.09033881	-0.47922692	-0.10191747	0.34749174	-0.00012700575	-0.3385313	-0.46568775	0.0695467	-0.22647499
0.37186307	0.39820114	-0.06965223	0.2405026	0.22408028	0.077754065	-0.16582052	0.31537637	0.3063415	-0.25546488
0.2449479	0.2650087	-0.058961	0.087929234	0.28662795	0.112929285	-0.20723498	0.36773294	0.36961445	-0.20801473
0.19359833	0.3131866	-0.06580477	0.057198312	0.1542512	0.101386264	-0.17712256	0.4231309	0.3415252	-0.17580622
0.17794654	0.28382215	-0.018308846	0.2122427	0.20457776	0.19219926	-0.20412834	0.4366429	0.43484414	-0.095460765
0.05446194	0.3282422	0.048192885	0.70365345	-0.33315858	0.5511272	-0.28684014	0.45163885	-0.34154007	0.26888776
0.16159528	0.18686183	-0.099782646	-0.09216441	0.28576764	0.076048665	-0.16755067	0.33224678	0.3592602	-0.2223446
0.13793819	-0.06549133	-0.542837	-0.17632754	-0.25349247	0.032924294	-0.09656012	-0.4396141	0.16073604	-0.30546853
0.14940527	0.19531007	-0.100077085	-0.09085453	0.26637846	0.07530039	-0.15674311	0.34546697	0.3597205	-0.21896589
0.6397257	0.2783109	-0.6225499	0.5886033	0.020469137	-0.012866291	-0.111294836	-0.22604595	0.16120854	-0.5485094
0.14403556	-0.14555103	-0.6975044	-0.43217552	0.076592796	-0.02077252	0.18850604	-0.3307308	0.111921124	-0.37659213
0.7544866	0.6721069	-0.23934104	0.80347246	-0.019429693	-0.021502284	-0.041085426	-0.22685881	0.18349722	-0.59643435
0.4457308	-0.022915266	-0.5748504	-0.11195122	-0.19611846	0.011671527	-0.16867074	-0.37878504	0.094601385	-0.30077848
-0.04431721	-0.16323665	-0.2556722	-0.274214	-0.023694871	0.048983674	-0.018136412	-0.5075165	0.4501594	-0.2964489
0.14959837	0.1948305	-0.100352764	-0.091487534	0.26677293	0.07523131	-0.15753588	0.34494358	0.35927832	-0.21900299
0.4235971	0.18283486	-0.038777884	0.30542317	0.38072622	0.15104984	-0.23682892	-0.01138059	0.35730553	-0.22840257
0.16142699	0.20645204	-0.097973235	-0.080856524	0.27090234	0.07501551	-0.15693428	0.3467142	0.35803503	-0.22073494
0.15180941	0.195114	-0.10001304	-0.08994031	0.27007338	0.07524367	-0.15644911	0.34356585	0.36041507	-0.22006248
0.038661383	-0.17374098	-0.58324647	-0.33218825	0.3254387	-0.018870244	0.03681247	-0.56809866	0.23776834	-0.3265272
0.22482716	0.32452717	-0.2381276	-0.20467934	0.19782391	0.016081396	-0.1573421	0.27984563	0.20639753	-0.25220293
0.042449646	-0.06832538	-0.54603535	-0.21726696	0.07451158	-0.0092235245	0.0889719	-0.18052997	0.3365861	-0.3943655
0.6877432	0.27526504	-0.67608315	-0.33894327	0.16260108	-0.010332181	0.22631213	-0.15885594	0.05635588	-0.47632992
0.106327295	0.2560692	-0.048407648	-0.010087001	0.15780003	0.122479804	-0.13137394	0.43333873	0.41100207	-0.11998009
0.18962717	0.35421288	0.016414884	0.6486485	0.016838126	0.4436459	-0.18415752	0.4899468	0.26999775	0.11773556
0.45541775	0.4212592	-0.22548702	-0.0147814015	0.3624479	0.010583779	-0.14869899	0.15403011	0.21166326	-0.30415264
-0.03625028	0.0269624	-0.62127507	-0.12991096	-0.6349451	0.017243234	-0.030022439	0.04981956	0.09875213	-0.30777842
0.7137658	0.29753312	-0.6266403	0.18786915	0.5691366	-0.014934839	0.041414704	-0.44863632	0.14813374	-0.5289073
0.7313772	0.76983905	-0.19920298	0.45394108	-0.49268866	-0.021745337	-0.44431955	0.09313788	0.033456665	-0.39865327
0.21222115	0.27784225	-0.105201095	-0.03655226	0.26530448	0.06475299	-0.14756858	0.3601516	0.33320433	-0.23090717
0.15305467	0.19867007	-0.09940948	-0.08738891	0.2683538	0.075164825	-0.1556932	0.34551117	0.36003247	-0.21996008
0.5587137	0.5651849	-0.50784683	-0.21772493	0.39972296	-0.013107562	0.37000722	0.061942782	0.1072924	-0.5486586
0.14352906	0.19736192	-0.09357629	-0.080935314	0.2579965	0.08045333	-0.15789403	0.354547	0.36661407	-0.21354225
0.4683334	0.72830206	-0.20738333	0.65073484	-0.69275105	-0.019889368	-0.17657138	0.42542157	0.05320456	-0.3928278
0.12888372	0.23268293	-0.07308974	-0.045740195	0.20838678	0.09432884	-0.14286488	0.39668548	0.38178945	-0.1826856
0.44356328	0.24464382	-0.483896	0.25115502	-0.58751553	0.020176264	-0.37073943	0.023989664	0.049348447	-0.28965315
-0.11789099	-0.23100442	-0.19230317	-0.21440053	-0.6616629	0.2591025	-0.014986275	0.24261318	0.40799636	0.17881662
0.013253207	-0.21606033	-0.11162821	-0.35128617	0.0027397254	0.56549245	-0.2531172	-0.38862056	0.84478194	0.3024083
-0.21837972	-0.41987473	-0.4429556	-0.5736744	-0.5636118	-0.018569866	0.10448537	0.08746508	0.25924748	0.14912792
0.43279874	0.08233406	-0.47955284	0.22027275	-0.43110105	0.04302349	-0.32451457	-0.14399281	0.09050667	-0.27976868
0.14893909	0.19617563	-0.099303976	-0.08981815	0.26491502	0.07583322	-0.15732938	0.34684327	0.359982	-0.21813108
0.7500142	0.23988216	-0.6725531	0.37691528	0.288527	-0.012672238	-0.117328785	-0.32924637	0.09949358	-0.50214833
0.15912332	0.22053178	-0.10456364	-0.06881017	0.26166943	0.072938986	-0.14299682	0.3538717	0.36098066	-0.22408582
0.114082664	0.1859327	-0.078006595	-0.07542955	0.23267168	0.09486473	-0.15730722	0.37562793	0.38690215	-0.19189732
-0.009355859	0.19388239	0.028009921	0.15185	-0.1752018	0.32932544	-0.12882589	0.46981123	0.47545677	0.17306453
0.1512763	0.21908525	-0.090993874	-0.0621424	0.24966966	0.08148127	-0.15173313	0.36833298	0.36629307	-0.21048965
0.6622677	0.8250164	-0.28944626	0.38907948	-0.4886207	-0.011899412	-0.3681276	0.23565713	0.0681913	-0.5099444
0.6551129	0.0034743475	-0.3364839	0.1338804	0.5932642	-0.022888936	-0.046430513	-0.7031629	0.25906512	-0.30142072
0.14776367	0.26637813	-0.05989153	-0.043577947	0.17148277	0.10015402	-0.21409671	0.3816957	0.3469927	-0.17105688
0.14965875	0.1948478	-0.100239925	-0.09137501	0.26682425	0.0752767	-0.1575751	0.3449624	0.3593467	-0.21897908
0.14867188	0.19422482	-0.1005102	-0.09222605	0.2662187	0.07519173	-0.15729457	0.34495592	0.35935143	-0.21887405
0.14959385	0.19484168	-0.10035654	-0.091493025	0.26675847	0.075226314	-0.1575265	0.34494954	0.3592707	-0.2190026
0.14959696	0.19482575	-0.10035506	-0.091491245	0.26677874	0.07522924	-0.1575293	0.3449394	0.35927978	-0.21900631
0.25578022	0.40231872	-0.00846511	0.83541286	0.15221573	0.31729427	-0.06410145	0.4759936	0.36924317	-0.14224373
0.13382377	0.16555598	-0.09173453	-0.08771882	0.28279606	0.0848461	-0.15343674	0.33768997	0.38623637	-0.2186819
0.14897971	0.19378567	-0.09933235	-0.09040571	0.26746228	0.076061636	-0.15765974	0.34522733	0.36096734	-0.2186215
0.1496042	0.19483039	-0.10034945	-0.0914825	0.26677924	0.07523352	-0.15754195	0.3449418	0.35928	-0.21900289
0.5268617	0.0036727241	-0.48464307	-0.17977722	0.51615673	-0.01547241	-0.0017880234	-0.4323768	0.20743081	-0.34189838
0.27399394	0.48900127	-0.05819353	0.50049126	0.11982862	0.12700719	-0.03549589	0.43749374	0.44180062	-0.1661665
0.8455822	0.8535839	-0.66806227	-0.07669915	-0.4548097	-0.0029561257	-0.42144334	-0.12598753	0.022617133	-0.5968108
0.24454321	0.39494023	-0.08275486	0.15622798	0.22741458	0.06211823	-0.010973879	0.38562658	0.37934807	-0.2591612
0.49243003	0.6119531	-0.36856547	-0.2024195	-0.21498106	-0.006943215	-0.3201173	0.21576828	0.05765124	-0.3111934
0.42789748	0.2944532	-0.001094243	0.6659714	0.30149058	0.48051435	-0.622843	0.26040962	0.2988045	-0.16382456
0.09605222	-0.08365743	-0.4045015	-0.17389335	0.017983433	0.064464666	-0.07109157	-0.56791645	0.3140564	-0.30860093
0.29568726	0.3544127	-0.13149174	0.038935937	0.32154584	0.028723383	-0.015221647	0.27917868	0.32791382	-0.3038234
0.22498313	0.41288492	-0.09693748	0.1243898	0.193794	0.054362312	0.014508234	0.3905839	0.3816711	-0.260631
0.30958638	0.17105237	-0.107525654	-0.06740838	0.4124488	0.062232204	-0.16929077	0.16829845	0.34648648	-0.25120136
0.21695359	0.29683217	-0.09311618	0.019142536	0.27481085	0.06584211	-0.083497934	0.35975993	0.36895627	-0.2465242
0.17860626	0.2276352	-0.09853701	-0.06507581	0.2757213	0.071035095	-0.14352609	0.34821934	0.35591212	-0.22733076
0.56163764	0.5767175	-0.30381644	0.16750681	0.47371033	-0.019799314	0.19014974	-0.07074701	0.23891477	-0.5135323
0.28204116	0.36994767	-0.14439823	0.004067671	0.30616263	0.02544605	-0.02204261	0.3004523	0.31670102	-0.30270293
0.31564757	0.091843404	-0.082608074	0.08264291	0.41895744	0.115109995	-0.15861477	-0.007573393	0.43280444	-0.2630705
0.034464516	0.31233087	0.030035999	0.581196	-0.16013487	0.56601626	0.08582846	0.49949402	0.16348724	0.35471547
0.13213159	0.4171129	0.0072092866	0.38092875	-0.09811013	0.2957635	-0.010914713	0.5035788	0.364407	0.118862435
0.15157723	0.19572066	-0.09995869	-0.090205185	0.26810712	0.07544999	-0.15873785	0.34469593	0.35903522	-0.21912508
0.15423201	0.19633953	-0.10073171	-0.09002412	0.27070424	0.074921235	-0.15968655	0.34301373	0.35794	-0.22018653
0.14961289	0.19545934	-0.099431716	-0.08961511	0.26644304	0.075842604	-0.15732469	0.3461921	0.36026207	-0.21858361
-0.15000108	-0.13322665	-0.26083416	-0.41555232	-0.13952743	0.044007983	0.019339379	0.20033658	0.3040401	-0.0027688416
0.2714877	0.12439616	-0.5162906	0.14888734	-0.5964811	0.037366413	-0.2943267	0.01900643	0.07627941	-0.29700103
-0.01017773	-0.08933612	-0.623919	-0.21371134	0.06731645	-0.024857214	0.20617516	-0.067056336	0.506176	-0.5043131
-0.05447833	-0.10936447	-0.45541	-0.19412634	0.039976195	-0.007828921	0.18987261	0.115811996	0.54695976	-0.40184084
0.12608321	0.18209091	-0.10267491	-0.10541865	0.2504432	0.07524711	-0.14880072	0.3490051	0.36313784	-0.21442069
0.18028371	0.2168	-0.087151594	-0.055898033	0.2761084	0.08237737	-0.17229396	0.35466975	0.35875303	-0.21641181
0.19762325	0.024171427	-0.063229576	-0.10386353	0.38523525	0.16010955	-0.22384101	0.049953006	0.50506926	-0.25630167
0.42108396	0.18822192	-0.07267857	0.31274524	0.031997122	0.35019967	-0.757127	0.23345676	0.122282796	-0.13032392
0.09694424	0.1989414	-0.11513875	-0.11558858	0.2038047	0.06308005	-0.07748236	0.362682	0.369937	-0.21605876
-0.13181046	-0.17513603	-0.051430658	0.20188409	-0.60684794	0.46979302	-0.20479217	0.42322055	0.0067126052	0.27443075
0.15694407	0.18649735	-0.091176756	-0.073314354	0.28608418	0.082967386	-0.16256115	0.3399157	0.37502694	-0.22093737
0.15948465	0.2038212	-0.09160229	-0.07514034	0.26693538	0.08033009	-0.16551736	0.35466963	0.36041868	-0.21423243
0.07857428	0.27977985	0.0044564586	0.19600837	0.034931593	0.2621299	-0.124030344	0.48367518	0.46392828	0.077164896
-0.19770288	0.0036349897	-0.4404907	-0.20007752	-0.7145398	0.07026947	-0.0057456	0.33939385	0.050569113	0.0909004
0.58609885	0.00030719404	-0.5020299	-0.12535253	0.018433658	0.0019443518	-0.19242118	-0.38937727	0.10693643	-0.2720967
0.14966664	0.1951632	-0.10011983	-0.09108306	0.26654702	0.07536772	-0.15765178	0.34530744	0.3593559	-0.21884412
0.14959837	0.1948305	-0.100352764	-0.091487534	0.26677293	0.07523131	-0.15753588	0.34494358	0.35927832	-0.21900299
0.17682475	0.20706834	-0.097363755	-0.078318715	0.28790078	0.074188955	-0.16080683	0.33468303	0.3576271	-0.22577326
0.16878977	0.21381408	-0.09267983	-0.06651988	0.27385285	0.078781955	-0.16048521	0.34974012	0.36225978	-0.21961212
0.15630192	0.25547668	-0.080701046	-0.018442618	0.2307116	0.089428134	-0.13763975	0.39119416	0.3790328	-0.19877341
0.14174594	0.21505052	-0.08323224	-0.05876135	0.24213232	0.08726362	-0.15188245	0.37398908	0.37513447	-0.2030281
0.24330415	0.30355814	-0.039084822	0.18739305	0.26173735	0.14081927	-0.19349775	0.4129006	0.39085314	-0.17628525
0.41526183	0.102707915	-0.35663807	0.2878216	-0.44418916	0.10625516	-0.5144672	-0.0038250026	0.0656636	-0.2222228
